,date,palau flights-AU,palau hotel-AU,palau travel-AU,palau flights-NZ,palau hotel-NZ,palau travel-NZ,palau flights-US,palau hotel-US,palau travel-US,palau flights-JP,palau hotel-JP,palau travel-JP,palau flights-HK,palau hotel-HK,palau travel-HK,palau flights-NC,palau hotel-NC,palau travel-NC,palau flights,palau hotel,palau travel
0,2004-01-01,0,0,0,0,0,0,0,53,0,0,0,0,0,0,0,0,0,0,0.0,3.0628309946119305,3.001159235417278
1,2004-02-01,0,0,0,0,0,0,0,0,0,0,0,0,0,0,0,0,0,0,1.4329519517990488,6.437009449213093,1.6085978648119443
2,2004-03-01,0,0,0,0,0,0,0,0,100,0,0,0,0,0,0,0,0,0,1.2155457703858954,2.100952404174705,1.6528783705372296
3,2004-04-01,77,0,0,0,0,0,0,42,0,0,0,0,0,0,0,0,0,0,4.558557309995895,7.537370260154729,0.0
4,2004-05-01,41,0,0,0,0,0,30,0,81,0,0,0,0,0,0,0,0,0,0.8827651928423009,6.020952272221918,0.0
5,2004-06-01,0,0,0,0,0,0,0,26,0,0,0,0,0,0,0,0,0,0,0.0,9.221358904273997,0.0
6,2004-07-01,0,60,0,0,0,0,0,43,59,0,0,0,0,0,0,0,0,0,0.0,7.30948065686769,2.3857238310885616
7,2004-08-01,0,0,0,0,0,0,0,42,0,0,100,0,0,41,0,0,0,0,0.0,9.383589150630817,0.0
8,2004-09-01,0,0,0,0,0,0,0,0,0,0,0,0,0,0,0,0,0,0,0.0,6.3225541943788945,2.825695402244659
9,2004-10-01,69,0,0,0,0,0,30,0,73,0,58,0,0,0,0,0,0,0,0.0,6.988428158708021,1.360261413379488
10,2004-11-01,0,0,0,0,0,0,0,34,77,0,53,0,0,0,0,0,0,0,0.0,5.814964389048858,0.0
11,2004-12-01,0,0,0,0,0,0,0,0,0,0,0,0,0,0,0,0,0,0,1.127816135462483,3.516954916497708,1.8661126297867023
12,2005-01-01,0,0,0,0,0,0,0,0,40,0,0,0,0,41,0,0,0,0,1.2750146311834007,5.962282676596986,0.0
13,2005-02-01,0,0,0,0,0,0,0,30,69,0,0,0,0,0,0,0,0,0,0.0,7.625578155848229,1.5810387291863472
14,2005-03-01,0,0,0,0,0,0,22,49,27,0,37,0,0,0,0,0,0,0,0.0,7.518335092482542,1.8469615778751685
15,2005-04-01,0,0,0,0,0,0,23,26,31,0,0,0,0,0,0,0,0,0,2.2227323548107063,6.105169310869608,1.0654247768714795
16,2005-05-01,0,0,0,0,0,0,34,43,0,0,0,0,0,0,0,0,0,0,2.390936152020693,8.463619670003084,0.0
17,2005-06-01,0,0,0,0,0,0,31,0,48,0,0,0,0,0,0,0,0,0,0.8996814523435035,5.9757822180456595,0.6620634464299218
18,2005-07-01,0,0,0,0,0,0,0,0,0,0,75,0,0,0,0,0,0,0,0.0,12.03741212948255,0.852930600415995
19,2005-08-01,0,38,0,0,0,0,31,35,0,0,59,0,0,41,0,0,0,0,0.9544671955805132,8.284022237016496,2.5514552110602
20,2005-09-01,0,27,0,0,0,0,0,0,0,0,0,0,0,100,0,0,0,0,0.641194509309028,5.9598866330543565,0.0
21,2005-10-01,0,0,0,0,0,0,0,0,17,0,0,0,0,83,0,0,0,0,0.0,5.540117119567933,0.8424213757946567
22,2005-11-01,34,100,0,0,0,0,0,22,31,0,0,0,0,45,0,0,0,0,1.030436007704937,4.78172734039791,0.7660690673173312
23,2005-12-01,0,0,0,0,0,0,0,0,33,0,0,0,0,0,0,0,0,0,0.0,4.912599153619996,0.47434682407396656
24,2006-01-01,0,0,0,0,0,0,20,0,0,0,0,0,0,0,0,0,0,0,0.5502758194030998,6.674244989350316,0.0
25,2006-02-01,20,30,0,0,0,0,18,0,0,0,36,0,0,0,0,0,0,0,0.0,6.69964818344784,0.6751432412614619
26,2006-03-01,16,0,0,0,0,0,17,0,15,0,0,0,0,0,0,0,0,0,0.3859929766415535,6.928602401580955,0.730732836944584
27,2006-04-01,0,0,0,0,0,0,13,43,0,0,0,0,0,38,0,0,0,0,0.0,8.83537273574171,2.0675557219161274
28,2006-05-01,0,26,0,0,0,0,0,16,18,0,0,0,0,0,0,0,0,0,0.0,10.087142596448027,0.0
29,2006-06-01,26,15,0,0,0,0,12,46,17,0,0,0,0,0,0,0,0,0,0.0,9.275058645126428,0.8157427507758388
30,2006-07-01,0,0,0,0,0,0,0,0,0,0,0,0,0,0,0,0,0,0,1.882231769126427,8.00396283315528,0.40700405028528913
31,2006-08-01,17,0,0,0,0,0,0,0,13,0,0,0,0,53,0,0,0,0,0.9556372689939295,7.127346563911733,1.66560104049465
32,2006-09-01,0,0,0,0,0,0,26,19,15,0,0,0,0,0,0,0,0,0,0.0,6.35934590059792,0.893834855379927
33,2006-10-01,0,0,0,0,0,0,0,24,10,0,22,0,0,36,0,0,0,0,1.1839778983836076,4.4848237293966156,0.5472512767579568
34,2006-11-01,0,0,0,0,0,0,33,29,0,0,22,0,0,0,0,0,0,0,0.43248870228585146,4.260941660899433,0.6813759473546767
35,2006-12-01,0,0,0,0,0,0,0,15,0,0,0,0,0,0,0,0,0,0,0.0,4.180224904055369,0.0
36,2007-01-01,0,0,0,0,0,0,0,0,17,0,0,0,0,0,0,0,0,0,0.0,5.353125810886847,0.22006039213296089
37,2007-02-01,0,0,0,0,0,0,0,9,9,0,44,0,0,40,0,0,0,0,0.0,6.717145371458421,0.4944642441649863
38,2007-03-01,0,0,0,0,0,0,0,18,0,0,0,0,0,34,0,0,0,0,0.2158358262754047,6.352886071753393,0.7997827474525213
39,2007-04-01,0,11,0,0,0,0,0,25,0,0,0,0,0,0,0,0,0,0,0.409770142940901,7.725531457704548,0.8807057672012641
40,2007-05-01,13,0,0,0,0,0,0,14,19,0,0,0,0,0,0,0,0,0,1.1950628845035074,7.754495369073098,1.0887662849772675
41,2007-06-01,32,13,0,0,0,0,0,0,15,0,21,0,0,34,0,0,0,0,0.49381933569693026,8.61158163345625,0.3668633488305053
42,2007-07-01,0,0,0,0,0,0,12,0,0,0,0,0,0,22,0,0,0,0,0.3989211804350233,9.366158197075,1.017417594827185
43,2007-08-01,0,0,0,0,0,0,10,0,13,0,0,0,0,0,0,0,0,0,1.039846322331148,7.394227313316356,0.8575098245371209
44,2007-09-01,0,0,0,0,0,0,0,10,8,0,0,0,0,0,0,0,0,0,0.7185984049623475,4.444230515223552,0.4741204897648384
45,2007-10-01,0,0,0,0,0,0,12,27,12,0,0,0,0,0,0,0,0,0,0.0,4.372067304331018,0.6972185991377595
46,2007-11-01,0,12,0,0,0,0,0,19,13,0,0,0,0,0,0,0,0,0,0.47968237451617257,4.514826603091982,0.6495302656048535
47,2007-12-01,10,0,0,0,0,0,0,0,13,0,44,0,0,0,0,0,0,0,0.29772293059221155,3.4843369824993666,0.3133695834596903
48,2008-01-01,0,0,0,0,0,0,35,29,0,0,0,0,0,0,0,0,0,0,0.5576896014830198,5.080406847396599,0.42935706423934844
49,2008-02-01,19,19,0,0,0,0,8,7,9,0,24,0,0,0,0,0,0,0,0.5210616254381953,5.6570622554317795,0.39001427369413916
50,2008-03-01,0,0,0,0,0,0,0,20,14,0,0,0,0,0,0,0,0,0,0.4603888423205589,7.1464227383611725,0.817704764704175
51,2008-04-01,0,12,0,0,0,0,0,0,13,0,0,0,0,0,0,0,0,0,0.3511333009287472,6.785990358445428,0.0
52,2008-05-01,0,11,0,0,0,0,10,10,18,0,41,0,0,0,0,0,0,0,0.38394154060327923,9.26161896355742,0.7727115799974558
53,2008-06-01,0,19,0,0,0,0,0,7,0,0,17,0,0,0,0,0,0,0,0.2470189715010741,9.753318031235779,0.4048943466088622
54,2008-07-01,23,11,0,0,0,0,0,0,0,0,0,0,0,0,0,0,0,0,0.5247130110749667,9.03587621870783,0.9246048022002085
55,2008-08-01,0,0,0,0,0,0,0,13,0,0,0,0,0,0,0,0,0,0,0.2727971702824506,7.648905817696972,0.5481498653370758
56,2008-09-01,0,0,0,0,0,0,13,12,16,0,0,0,0,0,0,0,0,0,0.23010133722762022,4.9740963993367915,0.26960479813377825
57,2008-10-01,0,0,0,0,0,0,0,0,7,0,17,0,0,18,0,0,0,0,0.3762498582613611,3.9551683264055537,0.5084458903903952
58,2008-11-01,22,0,0,0,0,0,32,9,0,0,0,0,0,0,0,0,0,0,0.5052759044731783,3.9145173087988088,0.7000149673808491
59,2008-12-01,0,0,0,0,0,0,0,0,8,0,0,0,0,39,0,0,0,0,0.1720269674854291,2.9526391006078287,0.2803184753474147
60,2009-01-01,0,0,0,0,0,0,0,12,15,0,0,0,0,19,0,0,0,0,0.3553261548080833,4.341920349803393,0.537322559184916
61,2009-02-01,0,0,0,0,0,0,0,14,8,0,0,0,0,0,0,0,0,0,0.3139817394470109,5.6519673029960265,0.46873636961999876
62,2009-03-01,10,0,0,0,0,0,6,12,10,0,0,0,0,52,0,0,0,0,0.19002733138247513,6.4663749222697335,0.40088258437241375
63,2009-04-01,0,0,0,0,0,0,7,15,7,0,20,0,0,0,0,0,0,0,0.2927737843678814,5.9180849388067704,0.5236359566739046
64,2009-05-01,0,0,0,0,0,0,9,9,0,0,0,0,0,23,0,0,0,0,0.0,8.080206340666631,0.3642455993615307
65,2009-06-01,0,0,0,0,0,0,10,15,10,0,0,0,0,0,0,0,0,0,0.5511444615097383,9.839184520568448,0.552274891083476
66,2009-07-01,10,0,0,0,0,0,9,24,0,0,21,0,0,0,0,0,0,0,0.5518099295436194,9.272947552077733,0.39867783283727654
67,2009-08-01,7,0,0,0,0,0,0,15,29,0,11,0,0,10,0,0,0,0,0.6674483061425472,7.752983826034473,0.7193177428684677
68,2009-09-01,11,0,0,0,0,0,8,12,0,0,0,0,0,0,0,0,0,0,0.46233096621251024,5.150327313495815,0.4961481449755841
69,2009-10-01,0,8,0,0,0,0,0,11,7,0,0,0,0,0,0,0,0,0,0.6806997977312583,4.482843783210273,0.45494614205757
70,2009-11-01,0,0,0,0,0,0,8,16,0,0,0,0,0,0,0,0,0,0,0.3110768812880199,4.288615999428863,0.47333983024991955
71,2009-12-01,0,0,0,0,0,0,8,21,0,0,0,0,0,0,0,0,0,0,0.2938213691301111,2.9144476124410916,0.39616137694524906
72,2010-01-01,10,10,0,0,0,0,0,20,0,0,0,0,0,0,0,0,0,0,0.5107376067769871,4.4009304492282055,0.5444950912374055
73,2010-02-01,7,0,0,0,0,0,5,16,9,0,0,0,0,17,0,0,0,0,0.30742199007069626,4.643798557987905,0.6225696831363556
74,2010-03-01,0,16,0,0,0,0,0,9,7,0,0,0,0,0,0,0,0,0,0.4201233543541303,5.871735988412264,0.5890317588017566
75,2010-04-01,23,0,0,0,0,0,0,19,0,0,0,0,0,0,0,0,0,0,0.6729535742449719,5.995189551943158,0.3431964734774572
76,2010-05-01,0,11,0,0,0,0,0,10,5,0,0,0,0,0,0,0,0,0,0.9563130234240592,7.680619650723674,0.5434550529019317
77,2010-06-01,0,7,0,0,0,0,13,26,0,0,13,0,0,0,0,0,0,0,0.5606774807251969,9.326162089542242,0.584446417743734
78,2010-07-01,0,12,0,0,0,0,8,17,6,0,0,0,0,0,0,0,0,0,0.6384125439761736,8.41980751570242,0.717790154937862
79,2010-08-01,5,0,0,0,0,0,11,20,9,0,0,0,0,7,0,0,0,0,0.8599239755920287,5.849877120123378,0.7859996083222597
80,2010-09-01,0,0,0,0,0,0,0,17,0,0,14,0,0,0,0,0,0,0,0.5086887602082104,4.598833173898365,0.4650519181511981
81,2010-10-01,5,6,0,0,0,0,13,27,8,0,0,0,0,0,0,0,0,0,0.4605677697676415,3.226307728052127,0.370957702322707
82,2010-11-01,0,7,0,0,0,0,4,7,7,0,19,0,0,0,0,0,0,0,0.0,2.8920237471655468,0.30657161929836085
83,2010-12-01,9,0,0,0,0,0,0,8,10,0,11,0,0,0,0,0,0,0,0.2625049428516299,2.859994334508914,0.31479428228498696
84,2011-01-01,9,4,0,0,0,0,0,8,11,0,0,0,0,9,0,0,0,0,0.35275933958725575,3.24729305777842,0.3994706435608998
85,2011-02-01,10,8,0,0,0,0,5,25,7,0,23,0,0,0,0,0,0,0,0.5204710120588317,4.373818025567205,0.35350653719496977
86,2011-03-01,6,7,0,0,0,0,7,18,4,0,0,0,0,0,0,0,0,0,0.4966636177776933,4.30675103815991,0.4775218215644944
87,2011-04-01,12,11,0,0,0,0,0,6,0,0,10,0,0,0,0,0,0,0,0.4336643538465391,5.712086679970547,0.5205978576487365
88,2011-05-01,13,0,0,0,0,0,9,7,7,0,10,0,0,0,0,0,0,0,0.7247073251901981,4.913212384159742,0.4349544150612064
89,2011-06-01,0,6,0,0,0,0,8,9,4,0,8,0,0,0,0,0,0,0,0.33553992426518875,5.976207750614928,0.44833790324454903
90,2011-07-01,0,0,0,0,0,0,7,15,7,0,0,0,0,0,0,0,0,0,0.5490910658370672,6.866306912463265,0.6414790892539747
91,2011-08-01,6,16,0,0,0,0,0,7,3,0,0,0,0,7,0,0,0,0,0.3963195415804843,5.322692234057541,0.47344695335899517
92,2011-09-01,7,0,0,0,0,0,3,14,3,0,6,0,0,9,0,0,0,0,0.22016985483295487,3.4842145359842416,0.3063562143151666
93,2011-10-01,7,0,0,0,0,0,0,10,7,0,7,0,0,0,0,0,0,0,0.2882545361896088,3.092900875077105,0.3703414484702571
94,2011-11-01,0,0,0,0,0,0,0,5,0,0,0,0,0,0,0,0,0,0,0.4074592386766116,2.5660302322627992,0.26116811015634256
95,2011-12-01,0,0,0,0,0,0,3,0,6,0,9,0,0,0,0,0,0,0,0.24206856463725254,2.455358488803388,0.5026732550996077
96,2012-01-01,9,5,0,0,0,0,0,10,8,0,0,0,0,8,0,0,0,0,0.6168201202940975,3.292130091580392,0.7326849601556359
97,2012-02-01,0,5,0,0,0,0,4,10,5,0,0,0,0,0,0,0,0,0,0.36487239403486393,3.573700315521227,0.423895106629208
98,2012-03-01,3,0,0,0,0,0,4,6,0,0,6,0,0,8,0,0,0,0,0.3002130526422386,3.843319069228453,0.2991808697003851
99,2012-04-01,6,6,0,0,0,0,0,10,12,0,8,0,0,7,0,0,0,0,0.5018374067405285,3.5608523744140306,0.477248359299568
100,2012-05-01,0,0,0,0,0,0,5,12,4,0,12,0,0,0,0,0,0,0,0.2751252747027768,3.621239561784194,0.4431645931297277
101,2012-06-01,7,6,0,0,0,0,0,19,5,0,9,0,0,0,0,0,0,0,0.4690818988515446,5.082699665077642,0.5306172432049727
102,2012-07-01,0,6,0,0,0,0,3,6,6,0,10,0,0,0,0,0,0,0,0.41116277169637144,7.386524397458126,0.6367733803560862
103,2012-08-01,12,0,0,0,0,0,7,6,8,0,12,0,0,0,0,0,0,0,0.5119507047383797,4.854154686509197,0.5500468799003204
104,2012-09-01,8,5,0,0,0,0,0,12,5,0,0,0,0,3,0,0,0,0,0.5243840867790379,2.8844529979404685,0.3907939193926428
105,2012-10-01,0,0,0,0,0,0,5,5,8,0,20,0,0,0,0,0,0,0,0.3489363787083656,2.6139958051078858,0.35892761498337594
106,2012-11-01,5,3,0,0,0,0,8,14,3,0,3,0,0,0,0,0,0,0,0.38230391944831743,2.5431954470886087,0.0
107,2012-12-01,7,0,0,0,0,0,4,8,3,0,0,0,0,0,0,0,0,0,0.35832004199291767,1.9565844691630607,0.22737343741683555
108,2013-01-01,6,0,0,0,0,0,6,11,6,0,11,0,0,5,0,0,0,0,0.4753025650032194,3.144221595282674,0.35443878341409907
109,2013-02-01,3,3,0,0,0,0,4,11,8,0,12,0,0,3,0,0,0,0,0.3292371875687114,3.5868254328019864,0.3676934111629299
110,2013-03-01,13,2,0,0,0,0,0,4,9,0,0,0,0,0,0,0,0,0,0.3854008759060336,3.3711908164472457,0.2875594838883279
111,2013-04-01,4,5,0,0,0,0,4,14,7,0,0,0,0,0,0,0,0,0,0.31916129651579045,3.606797741575259,0.4548221397695546
112,2013-05-01,0,0,0,0,0,0,2,5,6,0,6,0,0,0,0,0,0,0,0.506603753117669,4.13759882302939,0.5373284610014409
113,2013-06-01,7,0,0,0,0,0,3,11,5,0,0,0,0,0,0,0,0,0,0.5153258465817299,5.050694115893373,0.3479215768469531
114,2013-07-01,0,0,0,0,0,0,9,12,5,0,0,0,0,0,0,0,0,0,0.38859866287195916,6.576510731547268,0.59231091522896
115,2013-08-01,3,6,0,0,0,0,5,8,2,0,4,0,0,4,0,0,0,0,0.46961729996403867,5.243299562273903,0.391783091447435
116,2013-09-01,4,0,0,0,0,0,2,8,0,0,5,0,0,4,0,0,0,0,0.3685485645582884,3.27353724508917,0.4188970301000316
117,2013-10-01,3,2,0,0,0,0,2,6,10,0,7,0,0,3,0,0,0,0,0.42863470992419284,2.763450296159727,0.2930654706609877
118,2013-11-01,5,0,0,0,0,0,5,7,3,0,3,0,0,0,0,0,0,0,0.3411906735904224,2.15772688639159,0.24350795170682338
119,2013-12-01,5,0,0,0,0,0,6,9,0,0,0,0,0,0,0,0,0,0,0.27073675197374303,1.9258491032400766,0.33388826680461703
120,2014-01-01,5,4,0,0,0,0,2,5,6,0,3,0,0,5,0,0,0,0,0.450485377659359,3.338332454177057,0.39017012237950854
121,2014-02-01,4,3,0,0,0,0,6,6,8,0,0,0,0,4,0,0,0,0,0.3436083778772136,3.3196379878805566,0.3863717425562416
122,2014-03-01,2,4,0,0,0,0,8,11,3,0,5,0,0,0,0,0,0,0,0.3164633869057647,3.6212765502899527,0.34053098859133
123,2014-04-01,5,0,0,0,0,0,2,3,0,0,0,0,0,0,0,0,0,0,0.4357027759841809,3.7904191212421376,0.4846296753008144
124,2014-05-01,0,0,0,0,0,0,5,9,8,0,0,0,0,0,0,0,0,0,0.3569668118143233,5.064927753292606,0.4077671894428573
125,2014-06-01,4,0,0,0,0,0,5,13,11,0,0,0,0,3,0,0,0,0,0.5292001495240436,4.479576742509243,0.5705131698901643
126,2014-07-01,0,5,0,0,0,0,5,9,3,0,0,0,0,4,0,0,0,0,0.37929141228837615,4.944850749860416,0.45504940523417226
127,2014-08-01,9,4,0,0,0,0,3,9,4,0,0,0,0,0,0,0,0,0,0.43074629820034477,4.5705273992485305,0.40311962070467394
128,2014-09-01,9,0,0,0,0,0,0,5,5,0,0,0,0,2,0,0,0,0,0.29726818786368087,3.047992158349127,0.422095343111401
129,2014-10-01,4,0,0,0,0,0,4,8,5,0,0,0,0,3,0,0,0,0,0.35148296749216495,2.4845964888601433,0.37679150930893224
130,2014-11-01,4,0,0,0,0,0,5,16,6,0,0,0,0,0,0,0,0,0,0.3345698299262972,1.997320771566893,0.2998254236531174
131,2014-12-01,4,0,0,0,0,0,4,10,0,0,0,0,0,2,0,0,0,0,0.2704158266893609,2.1884548025242583,0.25343273162047986
132,2015-01-01,4,0,0,0,0,0,4,6,13,0,0,0,0,0,0,0,0,0,0.4642113620404502,3.4274310707758096,0.5052575619194752
133,2015-02-01,4,6,0,0,0,0,3,5,0,0,19,0,0,0,0,0,0,0,0.5299710653310518,3.1897545430968592,0.40464138833180924
134,2015-03-01,4,3,0,0,0,0,21,9,3,0,0,0,0,7,0,0,0,0,0.38156955222045713,3.507576987880107,0.36457852779979144
135,2015-04-01,0,0,0,0,0,0,4,7,0,0,8,0,0,4,0,0,0,0,0.3157400729779749,3.4712290277861206,0.34007104152991185
136,2015-05-01,3,2,0,0,0,0,3,13,0,0,0,0,0,3,0,0,0,0,0.36523299081221366,4.07077592190076,0.2821697638881138
137,2015-06-01,7,0,0,0,0,0,4,8,3,0,0,0,0,3,0,0,0,0,0.4467625800005621,4.383615719785027,0.5090246775826819
138,2015-07-01,0,4,0,0,0,0,7,9,3,0,0,0,0,0,0,0,0,0,0.3182272862611021,5.180666942255233,0.323924923168997
139,2015-08-01,0,0,0,0,0,0,5,8,3,0,5,0,0,6,0,0,0,0,0.34046456393839186,4.266066379773693,0.24864865622181415
140,2015-09-01,3,0,0,0,0,0,4,7,7,0,0,0,0,0,0,0,0,0,0.28805232988910795,3.004165691748162,0.3443240133457787
141,2015-10-01,2,5,0,0,0,0,3,5,2,0,0,0,0,2,0,0,0,0,0.4933296839741327,2.2639226923596487,0.4665119087884383
142,2015-11-01,5,7,0,0,0,0,6,0,6,0,3,0,0,0,0,0,0,0,0.4302971523660047,2.111773141897811,0.39284429906044116
143,2015-12-01,0,2,0,0,0,0,0,4,8,0,0,0,0,2,0,0,0,0,0.47183387415464795,2.1101628948186693,0.2764059394315863
144,2016-01-01,0,0,0,0,0,0,6,6,6,0,2,0,0,5,0,0,0,0,0.6155962120169435,2.957881997800266,0.5721233541017081
145,2016-02-01,4,0,0,0,0,0,7,11,6,0,4,0,0,3,0,0,0,0,0.4770746819683799,3.030107310344597,0.5691144332469654
146,2016-03-01,4,0,0,0,0,0,0,7,8,0,0,0,0,2,0,0,0,0,0.39781681705453237,3.557204006836498,0.38612685055980445
147,2016-04-01,15,0,0,0,0,0,8,6,4,0,5,0,0,4,0,0,0,0,0.5496158250349851,3.6616518380171037,0.4788265012091827
148,2016-05-01,5,0,0,0,0,0,2,9,0,0,0,0,0,0,0,0,0,0,0.3729415436857184,3.9376695496729446,0.3182943892729248
149,2016-06-01,0,0,0,0,0,0,0,6,4,0,2,0,0,0,0,0,0,0,0.482118895202119,4.187812794812247,0.49096745312920936
150,2016-07-01,7,3,0,0,0,0,7,11,6,0,0,0,0,0,0,0,0,0,0.5139677745058844,4.52205998439042,0.44643116076094935
151,2016-08-01,3,2,0,0,0,0,7,9,3,0,4,0,0,3,0,0,0,0,0.5190369692865335,4.0277978671750985,0.4226762059181494
152,2016-09-01,0,0,0,0,0,0,11,12,4,0,0,0,0,0,0,0,0,0,0.3073956917151259,2.7760780672208236,0.3473466407904157
153,2016-10-01,3,2,0,0,0,0,12,8,5,0,0,0,0,13,0,0,0,0,0.5813420899206664,2.4256984272277777,0.25748575523531414
154,2016-11-01,3,7,0,0,0,0,5,9,4,0,5,0,0,0,0,0,0,0,0.3332596591630919,2.140490544825077,0.20033882205028133
155,2016-12-01,2,0,0,0,0,0,4,14,5,0,8,0,0,0,0,0,0,0,0.41977447538283236,2.3306080505462363,0.26984536561602146
156,2017-01-01,6,2,0,0,0,0,9,7,5,0,0,0,0,9,0,0,0,0,0.4860109170633025,2.731660981341216,0.3191431284307116
157,2017-02-01,0,0,0,0,0,0,5,12,0,0,0,0,0,0,0,0,0,0,0.38662897416365594,3.1463108067646854,0.32573192318631483
158,2017-03-01,0,2,0,0,0,0,8,9,3,0,0,0,0,0,0,0,0,0,0.36971556552280604,2.9865188709421764,0.3156215201135302
159,2017-04-01,2,3,0,0,0,0,11,7,7,0,2,0,0,3,0,0,0,0,0.4176266382098953,3.4988430377840367,0.47815551278400514
160,2017-05-01,5,0,0,0,0,0,5,11,7,0,0,0,0,4,0,0,0,0,0.27740269261516887,3.3854344408711285,0.3113606742196395
161,2017-06-01,0,0,0,0,0,0,7,5,0,0,3,0,0,0,0,0,0,0,0.3872529209951467,3.779084732191389,0.21890875727773615
162,2017-07-01,5,2,0,0,0,0,9,12,2,0,0,0,0,3,0,0,0,0,0.5228455621239493,3.98046288728861,0.4371328996076643
163,2017-08-01,0,0,0,0,0,0,7,8,0,0,3,0,0,0,0,0,0,0,0.4870245518780404,3.7499829151519526,0.48006789084059937
164,2017-09-01,4,0,0,0,0,0,2,6,7,0,5,0,0,0,0,0,0,0,0.3605768516833161,2.4394218902306326,0.38897838814730284
165,2017-10-01,0,2,0,0,0,0,5,0,3,0,3,0,0,0,0,0,0,0,0.2983654601638727,2.401554518281595,0.24177683215648396
166,2017-11-01,5,0,0,0,0,0,9,8,2,0,0,0,0,0,0,0,0,0,0.46452819813138374,2.1946748699566783,0.32579280250519566
167,2017-12-01,3,3,0,0,0,0,6,8,6,0,2,0,0,0,0,0,0,0,0.38254446352338883,1.9342015739446061,0.3315416502231132
168,2018-01-01,15,0,0,0,0,0,9,6,3,0,4,0,0,0,0,0,0,0,0.4903144218740041,3.378810551712481,0.23889964619560694
169,2018-02-01,2,0,0,0,0,0,9,8,5,0,4,0,0,0,0,0,0,0,0.36272063421150286,3.412302250172759,0.2855472223362628
170,2018-03-01,3,2,0,0,0,0,13,6,3,0,3,0,0,0,0,0,0,0,0.5261785227589901,2.719825596964454,0.2599453689013616
171,2018-04-01,5,2,0,0,0,0,9,8,3,0,0,0,0,0,0,0,0,0,0.5079573363820602,3.1870317017429985,0.30638487227370886
172,2018-05-01,0,0,0,0,0,0,10,6,0,0,3,0,0,0,0,0,0,0,0.3912864292373545,3.733386767704609,0.2652166543183335
173,2018-06-01,2,4,0,0,0,0,6,7,8,0,0,0,0,0,0,0,0,0,0.3534831396650767,3.537190742999885,0.45425112637393417
174,2018-07-01,4,4,0,0,0,0,5,4,3,0,0,0,0,2,0,0,0,0,0.4479873033700441,3.7628771030728485,0.4641793417961537
175,2018-08-01,7,3,0,0,0,0,10,7,7,0,0,0,0,5,0,0,0,0,0.5221815585486177,3.844009733829806,0.4925124386708183
176,2018-09-01,2,0,0,0,0,0,7,6,4,0,0,0,0,0,0,0,0,0,0.46174115961733364,2.665327240803407,0.2675617490597572
177,2018-10-01,3,0,0,0,0,0,4,7,4,0,0,0,0,0,0,0,0,0,0.30920732282674096,1.9139965320646886,0.2628486022598384
178,2018-11-01,0,0,0,0,0,0,3,6,2,0,0,0,0,0,0,0,0,0,0.2678569696209908,1.6944815227941608,0.1690219492804135
179,2018-12-01,2,0,0,0,0,0,9,6,0,0,0,0,0,2,0,0,0,0,0.29371261988290576,1.8164613103441962,0.20456961102449386
180,2019-01-01,3,2,0,0,0,0,4,4,5,0,0,0,0,0,0,0,0,0,0.5287287376147886,2.6599035401726043,0.285992521866497
181,2019-02-01,2,3,0,0,0,0,8,3,3,0,0,0,0,0,0,0,0,0,0.38118919479560387,2.8657361936745027,0.26705136481325764
182,2019-03-01,3,4,0,0,0,0,10,0,7,0,2,0,0,2,0,0,0,0,0.5310847699263617,2.9807554495392647,0.264177266157055
183,2019-04-01,2,7,0,0,0,0,7,14,6,0,0,0,0,3,0,0,0,0,0.3623490906944228,2.995347226834971,0.39639970937585267
184,2019-05-01,3,2,0,0,0,0,8,12,5,0,3,0,0,0,0,0,0,0,0.39602295892545547,3.2988644303327246,0.27436141377106177
185,2019-06-01,0,0,0,0,0,0,7,10,2,0,2,0,0,0,0,0,0,0,0.43739930316549125,3.5430787378311774,0.4416240441076847
186,2019-07-01,4,2,0,0,0,0,3,6,2,0,0,0,0,8,0,0,0,0,0.39646205291404957,3.5438519434878657,0.6832670713477139
187,2019-08-01,3,0,0,0,0,0,6,7,4,0,0,0,0,0,0,0,0,0,0.5103810427987052,3.2585225524024137,0.36473639504682653
188,2019-09-01,8,0,0,0,0,0,14,17,5,0,3,0,0,0,0,0,0,0,0.5265963275230406,2.966177617309883,0.2593292012445871
189,2019-10-01,6,2,0,0,0,0,13,11,2,0,0,0,0,3,0,0,0,0,0.4205247428614509,2.1555449478276083,0.24696601524370557
190,2019-11-01,4,0,0,0,0,0,4,7,0,0,0,0,0,0,0,0,0,0,0.42090028548930186,2.1611946849818713,0.2257070881794186
191,2019-12-01,0,0,0,0,0,0,10,11,6,0,0,0,0,0,0,0,0,0,0.4515882214603976,2.1132654331993437,0.2364526404729596
192,2020-01-01,3,3,0,0,0,0,12,21,6,0,2,0,0,2,0,0,0,0,0.7053460498484309,2.920901160018527,0.4254767858100278
193,2020-02-01,0,5,0,0,0,0,9,20,8,0,0,0,0,0,0,0,0,0,0.4650276406509545,3.1401090076073057,0.3984769889439539
194,2020-03-01,4,4,0,0,0,0,9,20,5,0,0,0,0,0,0,0,0,0,0.3302101250791771,1.6345546528534889,0.2426240745250582
195,2020-04-01,5,0,0,0,0,0,4,12,0,0,0,0,0,0,0,0,0,0,0.2836023103716167,0.8775073761993925,0.147504286771032
196,2020-05-01,2,0,0,0,0,0,7,8,4,0,3,0,0,0,0,0,0,0,0.2829374887139281,0.9509233887789125,0.15559029673224142
197,2020-06-01,3,3,0,0,0,0,6,13,3,0,10,0,0,0,0,0,0,0,0.16605356271298027,2.131304398973942,0.3240252519995072
198,2020-07-01,2,0,0,0,0,0,10,16,0,0,0,0,0,0,0,0,0,0,0.2943043744067304,3.216519171880173,0.39612427451143034
199,2020-08-01,0,0,0,0,0,0,5,19,2,0,0,0,0,0,0,0,0,0,0.22619069254426627,3.7467859037267357,0.23390942293025352
200,2020-09-01,0,0,0,0,0,0,5,12,3,0,0,0,0,0,0,0,0,0,0.23804790256665995,2.0256831381448945,0.2032587843105431
201,2020-10-01,0,0,0,0,0,0,6,15,6,0,0,0,0,0,0,0,0,0,0.2729522984425622,1.5165002661249272,0.2830780929945795
202,2020-11-01,0,0,0,0,0,0,5,9,5,0,0,0,0,0,0,0,0,0,0.19790542857085178,1.0512610910108964,0.10145568341699779
203,2020-12-01,2,0,0,0,0,0,4,9,3,0,3,0,0,0,0,0,0,0,0.15854138619112204,1.0477507317501058,0.12018904276374782
204,2021-01-01,0,0,0,0,0,0,6,8,2,0,0,0,0,0,0,0,0,0,0.2508547632963518,0.9924126268495397,0.17931245015540515
205,2021-02-01,0,2,0,0,0,0,6,9,2,0,0,0,0,0,0,0,0,0,0.18021209518109257,0.93168353757502,0.1502389884599436
206,2021-03-01,0,0,0,0,0,0,9,22,8,0,0,0,0,0,0,0,0,0,0.25279451468962055,1.4042422977898363,0.392169652662518
207,2021-04-01,0,0,0,0,0,0,9,21,8,0,0,0,0,0,0,0,0,0,0.23281492575273205,1.69738115921229,0.5028450735238919
208,2021-05-01,0,2,0,0,0,0,5,21,7,0,0,0,0,0,0,0,0,0,0.16792880878974545,2.0404401982756304,0.3332506381129689
209,2021-06-01,0,2,0,0,0,0,7,15,0,0,0,0,0,0,0,0,0,0,0.35045550501486733,2.9194302873210467,0.2867471074121088
210,2021-07-01,0,0,0,0,0,0,12,19,6,0,0,0,0,0,0,0,0,0,0.32072219903952826,3.241369622115952,0.4505686193770658
211,2021-08-01,0,5,0,0,0,0,10,18,11,0,0,0,0,3,0,0,0,0,0.30911573425904426,3.316630711836133,0.6620494876827346
212,2021-09-01,0,4,0,0,0,0,8,23,2,0,0,0,0,2,0,0,0,0,0.2009455044103677,2.1701478923639717,0.2879261602578961
213,2021-10-01,3,0,0,0,0,0,10,25,11,0,0,0,0,0,0,0,0,0,0.3492285999941326,1.894180284103225,0.3396131807786609
214,2021-11-01,3,0,0,0,0,0,13,24,9,0,0,0,0,0,0,0,0,0,0.41569600293854553,1.784829875797958,0.3203791629891709
215,2021-12-01,0,0,0,0,0,0,6,7,3,0,0,0,0,0,0,0,0,0,0.18429870837342066,1.4984751011766195,0.24533214380361493
216,2022-01-01,0,2,0,0,0,0,15,11,8,0,0,0,0,4,0,0,0,0,0.37037012135686315,1.940701670260604,0.3477229167228379
217,2022-02-01,2,0,0,0,0,0,8,8,7,0,0,0,0,0,0,0,0,0,0.3169821702418325,2.2102270938424193,0.37719910849875216
218,2022-03-01,0,0,0,0,0,0,7,11,11,0,0,0,0,0,0,0,0,0,0.2108796876849719,1.9734638570544545,0.3417303011202529
219,2022-04-01,3,0,0,0,0,0,14,12,11,0,5,0,0,2,0,0,0,0,0.4860421864506607,2.718755447929161,0.43990828219902595
220,2022-05-01,0,0,0,0,0,0,8,13,6,0,0,0,0,0,0,0,0,0,0.38923747305824424,2.8497935363324634,0.39999320073098144
221,2022-06-01,3,0,0,0,0,0,6,15,6,0,0,0,0,0,0,0,0,0,0.3751070310476571,3.1659547149631013,0.43014050366910356
222,2022-07-01,0,0,0,0,0,0,9,11,3,0,3,0,0,0,0,0,0,0,0.39540563403272055,3.6367056647238596,0.43746025048489096
223,2022-08-01,0,0,0,0,0,0,5,5,4,0,0,0,0,0,0,0,0,0,0.2534497571845776,3.340206024095516,0.38049083421125757
224,2022-09-01,2,0,0,0,0,0,9,12,7,0,2,0,0,2,0,0,0,0,0.3158817331259002,2.286447545000844,0.3026981812017252
225,2022-10-01,0,0,0,0,0,0,8,13,3,0,0,0,0,0,0,0,0,0,0.30309548610208564,1.8959573250672759,0.21511007464077617
226,2022-11-01,3,0,0,0,0,0,7,5,1,0,2,0,0,0,0,0,0,0,0.2961155122206998,1.6389124813384943,0.20137661333665338
227,2022-12-01,4,0,0,0,0,0,5,9,6,0,2,0,0,0,0,0,0,0,0.3046822225006207,1.7986233423885967,0.11187539441923884
228,2023-01-01,0,5,0,0,0,0,12,9,1,0,2,0,0,0,0,0,0,0,0.4237660897058908,2.267757215656988,0.2972085557030194
229,2023-02-01,0,0,0,0,0,0,7,6,5,0,0,0,0,2,0,0,0,0,0.3657165577313479,2.0511342152239944,0.29171168370062195
230,2023-03-01,2,0,0,0,0,0,15,11,3,0,0,0,0,0,0,0,0,0,0.46940840760553126,2.2990443733667463,0.336672054601395
231,2023-04-01,5,2,0,0,0,0,12,0,4,0,0,0,0,0,0,0,0,0,0.5607758140434426,2.0531690898718002,0.27254082714877503
232,2023-05-01,1,2,0,0,0,0,11,8,4,0,3,0,0,0,0,0,0,0,0.3851566794039044,2.4268672207932114,0.2898220638569107
233,2023-06-01,0,0,0,0,0,0,3,6,4,0,0,0,0,0,0,0,0,0,0.265135561407669,2.7669726658438356,0.31748614620872656
